id	title	description	availability	condition	price	link	image_link	additional_image_link	brand	mpn	google_product_category	product_type	custom_label_0	custom_label_1	custom_label_2	custom_label_3	custom_label_4
iherb-144075	[iHerb]Dr Mercola 리포소말 프레그네놀론 플러스 DHEA 캡슐 30정	[iHerb]Dr Mercola 리포소말 프레그네놀론 플러스 DHEA 캡슐 30정. iHerb 해외직구 스포츠 보충제 상품입니다.	out of stock	new	40740 KRW	https://www.onejikgu.co.kr/shop_view?idx=92106	https://cdn.imweb.me/upload/S2026031936150999f07e8/ad2796a64f49a.jpeg	https://cdn.imweb.me/upload/S2026031936150999f07e8/938b8228d1cee.jpeg	Dr. Mercola	iherb-144075	Health & Beauty > Health Care > Fitness & Nutrition > Vitamins & Supplements	iHerb > 스포츠 보충제	sports_supplements	margin_unknown	out_of_stock	price_20000_50000	blocked
iherb-129526	[iHerb]Emerald Laboratories 프레그네놀론 DHEA 베지 캡슐 60정	[iHerb]Emerald Laboratories 프레그네놀론 DHEA 베지 캡슐 60정. iHerb 해외직구 스포츠 보충제 상품입니다.	out of stock	new	19340 KRW	https://www.onejikgu.co.kr/shop_view?idx=87554	https://cdn.imweb.me/upload/S2026031936150999f07e8/5a150d73f2966.jpeg	https://cdn.imweb.me/upload/S2026031936150999f07e8/96346c6470757.jpeg	Emerald Laboratories	iherb-129526	Health & Beauty > Health Care > Fitness & Nutrition > Vitamins & Supplements	iHerb > 스포츠 보충제	sports_supplements	margin_unknown	out_of_stock	price_under_20000	blocked
iherb-159991	[iHerb]Naty 생리대 일반 14개입	[iHerb]Naty 생리대 일반 14개입. iHerb 해외직구 목욕 상품입니다.	in stock	new	9110 KRW	https://www.onejikgu.co.kr/shop_view?idx=90910	https://cdn.imweb.me/upload/S2026031936150999f07e8/64f539d77d582.jpeg	https://cdn.imweb.me/upload/S2026031936150999f07e8/310de10ad8d34.jpeg	Naty	iherb-159991	Health & Beauty > Personal Care	iHerb > 목욕	bath	margin_unknown	stable_stock	price_under_20000	blocked
iherb-159992	[iHerb]Naty 생리대 야간 10개입	[iHerb]Naty 생리대 야간 10개입. iHerb 해외직구 목욕 상품입니다.	in stock	new	9110 KRW	https://www.onejikgu.co.kr/shop_view?idx=90909	https://cdn.imweb.me/upload/S2026031936150999f07e8/a8aaeba7cb2a2.jpeg	https://cdn.imweb.me/upload/S2026031936150999f07e8/4ee993ac279bf.jpeg	Naty	iherb-159992	Health & Beauty > Personal Care	iHerb > 목욕	bath	margin_unknown	stable_stock	price_under_20000	blocked
iherb-159993	[iHerb]Naty 생리대 슈퍼 12개입	[iHerb]Naty 생리대 슈퍼 12개입. iHerb 해외직구 목욕 상품입니다.	in stock	new	9110 KRW	https://www.onejikgu.co.kr/shop_view?idx=90908	https://cdn.imweb.me/upload/S2026031936150999f07e8/8dea8479dbb1e.jpeg	https://cdn.imweb.me/upload/S2026031936150999f07e8/90b243d49a25f.jpeg	Naty	iherb-159993	Health & Beauty > Personal Care	iHerb > 목욕	bath	margin_unknown	stable_stock	price_under_20000	blocked
iherb-159994	[iHerb]Naty 팬티 라이너 일반 32개입	[iHerb]Naty 팬티 라이너 일반 32개입. iHerb 해외직구 목욕 상품입니다.	in stock	new	9110 KRW	https://www.onejikgu.co.kr/shop_view?idx=90907	https://cdn.imweb.me/upload/S2026031936150999f07e8/5404d5734b984.jpeg	https://cdn.imweb.me/upload/S2026031936150999f07e8/0376dc799a753.jpeg	Naty	iherb-159994	Health & Beauty > Personal Care	iHerb > 목욕	bath	margin_unknown	stable_stock	price_under_20000	blocked
iherb-159995	[iHerb]Naty 팬티 라이너 대형 28개입	[iHerb]Naty 팬티 라이너 대형 28개입. iHerb 해외직구 목욕 상품입니다.	in stock	new	9110 KRW	https://www.onejikgu.co.kr/shop_view?idx=90906	https://cdn.imweb.me/upload/S2026031936150999f07e8/51f551afd2f1a.jpeg	https://cdn.imweb.me/upload/S2026031936150999f07e8/fccb64247ba5b.jpeg	Naty	iherb-159995	Health & Beauty > Personal Care	iHerb > 목욕	bath	margin_unknown	stable_stock	price_under_20000	blocked
iherb-145898	Rael 유기농 면 탐폰 레귤러 향료 무함유 16개	Rael 유기농 면 탐폰 레귤러 향료 무함유 16개. iHerb 해외직구 목욕 상품입니다.	in stock	new	12910 KRW	https://www.onejikgu.co.kr/shop_view?idx=69330	https://cdn.imweb.me/upload/S2026031936150999f07e8/a622eb08e7953.jpeg	https://cdn.imweb.me/upload/S2026031936150999f07e8/f5d7e178676cc.jpeg,https://cdn.imweb.me/upload/S2026031936150999f07e8/bb5650c30942a.jpeg	Rael	iherb-145898	Health & Beauty > Personal Care	iHerb > 목욕	bath	margin_unknown	stable_stock	price_under_20000	blocked
iherb-132501	The Honey Pot Company 100 유기농 순면 커버 데이타임 패드 날개형	The Honey Pot Company 100 유기농 순면 커버 데이타임 패드 날개형. iHerb 해외직구 목욕 상품입니다.	in stock	new	13850 KRW	https://www.onejikgu.co.kr/shop_view?idx=69320	https://cdn.imweb.me/upload/S2026031936150999f07e8/b41300610f47a.jpeg	https://cdn.imweb.me/upload/S2026031936150999f07e8/bfbb8d1b1c0e8.jpeg,https://cdn.imweb.me/upload/S2026031936150999f07e8/cbcdc8a04f3f2.jpeg,https://cdn.imweb.me/upload/S2026031936150999f07e8/85406da2a204e.jpeg,https://cdn.imweb.me/upload/S2026031936150999f07e8/0a8cfae115ac0.jpeg	The Honey Pot Company	iherb-132501	Health & Beauty > Personal Care	iHerb > 목욕	bath	margin_unknown	stable_stock	price_under_20000	blocked
iherb-154106	The Honey Pot Company 유기농 진정 허브 인퓨전 날개형 패드 오버나이트	The Honey Pot Company 유기농 진정 허브 인퓨전 날개형 패드 오버나이트. iHerb 해외직구 목욕 상품입니다.	in stock	new	15890 KRW	https://www.onejikgu.co.kr/shop_view?idx=69303	https://cdn.imweb.me/upload/S2026031936150999f07e8/8e69fd0988529.jpeg	https://cdn.imweb.me/upload/S2026031936150999f07e8/19e2beb32e204.jpeg	The Honey Pot Company	iherb-154106	Health & Beauty > Personal Care	iHerb > 목욕	bath	margin_unknown	stable_stock	price_under_20000	blocked
iherb-154105	The Honey Pot Company 유기농 진정 허브 인퓨전 날개형 패드 슈퍼 16개입	The Honey Pot Company 유기농 진정 허브 인퓨전 날개형 패드 슈퍼 16개입. iHerb 해외직구 목욕 상품입니다.	in stock	new	15890 KRW	https://www.onejikgu.co.kr/shop_view?idx=69302	https://cdn.imweb.me/upload/S2026031936150999f07e8/df125c02dbdbd.jpeg	https://cdn.imweb.me/upload/S2026031936150999f07e8/599ee4e4051ef.jpeg	The Honey Pot Company	iherb-154105	Health & Beauty > Personal Care	iHerb > 목욕	bath	margin_unknown	stable_stock	price_under_20000	blocked
iherb-100184	The Honey Pot Company 유기농으로 재배한 100 순면 흡수력 탐폰 레귤러	The Honey Pot Company 유기농으로 재배한 100 순면 흡수력 탐폰 레귤러. iHerb 해외직구 목욕 상품입니다.	in stock	new	13950 KRW	https://www.onejikgu.co.kr/shop_view?idx=69301	https://cdn.imweb.me/upload/S2026031936150999f07e8/3baed6295cc0e.jpeg	https://cdn.imweb.me/upload/S2026031936150999f07e8/578790b2d6d66.jpeg,https://cdn.imweb.me/upload/S2026031936150999f07e8/be3157e859ddc.jpeg,https://cdn.imweb.me/upload/S2026031936150999f07e8/d5660edbf257f.jpeg,https://cdn.imweb.me/upload/S2026031936150999f07e8/5afbdb90e36e8.jpeg	The Honey Pot Company	iherb-100184	Health & Beauty > Personal Care	iHerb > 목욕	bath	margin_unknown	stable_stock	price_under_20000	blocked
iherb-154104	The Honey Pot Company 유기농 진정 허브 인퓨전 날개형 패드 레귤러	The Honey Pot Company 유기농 진정 허브 인퓨전 날개형 패드 레귤러. iHerb 해외직구 목욕 상품입니다.	in stock	new	15890 KRW	https://www.onejikgu.co.kr/shop_view?idx=69300	https://cdn.imweb.me/upload/S2026031936150999f07e8/f814e8127a377.jpeg	https://cdn.imweb.me/upload/S2026031936150999f07e8/fa7d3e2dabec2.jpeg,https://cdn.imweb.me/upload/S2026031936150999f07e8/2d8d6cbe0b915.jpeg	The Honey Pot Company	iherb-154104	Health & Beauty > Personal Care	iHerb > 목욕	bath	margin_unknown	stable_stock	price_under_20000	blocked
iherb-149741	Here We Flo 산모용 패드 울트라 헤비 10개입	Here We Flo 산모용 패드 울트라 헤비 10개입. iHerb 해외직구 목욕 상품입니다.	in stock	new	11970 KRW	https://www.onejikgu.co.kr/shop_view?idx=69290	https://cdn.imweb.me/upload/S2026031936150999f07e8/359e81c08490c.jpeg	https://cdn.imweb.me/upload/S2026031936150999f07e8/b4060d9c890fe.jpeg	Here We Flo	iherb-149741	Health & Beauty > Personal Care	iHerb > 목욕	bath	margin_unknown	stable_stock	price_under_20000	blocked
iherb-132505	The Honey Pot Company 100 유기농 순면 커버 오버나이트 패드 날개형	The Honey Pot Company 100 유기농 순면 커버 오버나이트 패드 날개형. iHerb 해외직구 목욕 상품입니다.	in stock	new	15690 KRW	https://www.onejikgu.co.kr/shop_view?idx=69284	https://cdn.imweb.me/upload/S2026031936150999f07e8/d7c1ceff2e6a7.jpeg	https://cdn.imweb.me/upload/S2026031936150999f07e8/0b07b6e4de056.jpeg,https://cdn.imweb.me/upload/S2026031936150999f07e8/f4c4e957b8ae6.jpeg,https://cdn.imweb.me/upload/S2026031936150999f07e8/6f6944e3049ba.jpeg,https://cdn.imweb.me/upload/S2026031936150999f07e8/fa66e1d8ef4e2.jpeg	The Honey Pot Company	iherb-132505	Health & Beauty > Personal Care	iHerb > 목욕	bath	margin_unknown	stable_stock	price_under_20000	blocked
iherb-132500	The Honey Pot Company 100 유기농 순면 커버 날개형 안감 헤비 20개입	The Honey Pot Company 100 유기농 순면 커버 날개형 안감 헤비 20개입. iHerb 해외직구 목욕 상품입니다.	in stock	new	12500 KRW	https://www.onejikgu.co.kr/shop_view?idx=69283	https://cdn.imweb.me/upload/S2026031936150999f07e8/cb2cfb44fd5c0.jpeg	https://cdn.imweb.me/upload/S2026031936150999f07e8/13d1e396330fe.jpeg,https://cdn.imweb.me/upload/S2026031936150999f07e8/8fb831c405aee.jpeg,https://cdn.imweb.me/upload/S2026031936150999f07e8/4a3c1c7f0ce8e.jpeg,https://cdn.imweb.me/upload/S2026031936150999f07e8/1af2048856ac8.jpeg	The Honey Pot Company	iherb-132500	Health & Beauty > Personal Care	iHerb > 목욕	bath	margin_unknown	stable_stock	price_under_20000	blocked
iherb-106397	[iHerb]The Honey Pot Company 허브 함유 날개형 면 라이너 고품질 라이너 20개	[iHerb]The Honey Pot Company 허브 함유 날개형 면 라이너 고품질 라이너 20개. iHerb 해외직구 목욕 상품입니다.	in stock	new	12730 KRW	https://www.onejikgu.co.kr/shop_view?idx=69281	https://cdn.imweb.me/upload/S2026031936150999f07e8/04eb1d5e8d8d8.jpeg	https://cdn.imweb.me/upload/S2026031936150999f07e8/af5abb9a513c7.jpeg,https://cdn.imweb.me/upload/S2026031936150999f07e8/3709844a5ec3d.jpeg,https://cdn.imweb.me/upload/S2026031936150999f07e8/84a6e6a680c69.jpeg,https://cdn.imweb.me/upload/S2026031936150999f07e8/5300e7dacddf1.jpeg	The Honey Pot Company	iherb-106397	Health & Beauty > Personal Care	iHerb > 목욕	bath	margin_unknown	stable_stock	price_under_20000	blocked
iherb-89472	Organyc 유기농 탐폰 콤팩트 슈퍼 탐폰 16개입	Organyc 유기농 탐폰 콤팩트 슈퍼 탐폰 16개입. iHerb 해외직구 목욕 상품입니다.	in stock	new	13950 KRW	https://www.onejikgu.co.kr/shop_view?idx=69266	https://cdn.imweb.me/upload/S2026031936150999f07e8/c899bc2209d54.jpeg	https://cdn.imweb.me/upload/S2026031936150999f07e8/853dc482c618c.jpeg,https://cdn.imweb.me/upload/S2026031936150999f07e8/cfa0bdf5f389e.jpeg,https://cdn.imweb.me/upload/S2026031936150999f07e8/37de81313699a.jpeg,https://cdn.imweb.me/upload/S2026031936150999f07e8/1e67d7c579eff.jpeg	Organyc	iherb-89472	Health & Beauty > Personal Care	iHerb > 목욕	bath	margin_unknown	stable_stock	price_under_20000	blocked
iherb-89471	Organyc 유기농 탐폰 콤팩트 레귤러 탐폰 16개입	Organyc 유기농 탐폰 콤팩트 레귤러 탐폰 16개입. iHerb 해외직구 목욕 상품입니다.	in stock	new	13950 KRW	https://www.onejikgu.co.kr/shop_view?idx=69265	https://cdn.imweb.me/upload/S2026031936150999f07e8/90efae358ef9f.jpeg	https://cdn.imweb.me/upload/S2026031936150999f07e8/7cd04087e8fbf.jpeg,https://cdn.imweb.me/upload/S2026031936150999f07e8/eff0f7cb6717f.jpeg,https://cdn.imweb.me/upload/S2026031936150999f07e8/a60df5e95a86f.jpeg,https://cdn.imweb.me/upload/S2026031936150999f07e8/ba3b27258b6d7.jpeg	Organyc	iherb-89471	Health & Beauty > Personal Care	iHerb > 목욕	bath	margin_unknown	stable_stock	price_under_20000	blocked
iherb-68732	Organyc 유기농 순면 팬티 라이너 라이트 24개입	Organyc 유기농 순면 팬티 라이너 라이트 24개입. iHerb 해외직구 목욕 상품입니다.	in stock	new	13340 KRW	https://www.onejikgu.co.kr/shop_view?idx=69264	https://cdn.imweb.me/upload/S2026031936150999f07e8/a44985b2760b4.jpeg	https://cdn.imweb.me/upload/S2026031936150999f07e8/9e836da03087f.jpeg,https://cdn.imweb.me/upload/S2026031936150999f07e8/edd4d795ad9e7.jpeg,https://cdn.imweb.me/upload/S2026031936150999f07e8/971dc032ac571.jpeg,https://cdn.imweb.me/upload/S2026031936150999f07e8/e25d8830bf538.jpeg	Organyc	iherb-68732	Health & Beauty > Personal Care	iHerb > 목욕	bath	margin_unknown	stable_stock	price_under_20000	blocked
iherb-89890	Rael 유기농 순면 커버 팬티 라이너 롱 18개입	Rael 유기농 순면 커버 팬티 라이너 롱 18개입. iHerb 해외직구 목욕 상품입니다.	in stock	new	12900 KRW	https://www.onejikgu.co.kr/shop_view?idx=69263	https://cdn.imweb.me/upload/S2026031936150999f07e8/238f72157bb5f.jpeg	https://cdn.imweb.me/upload/S2026031936150999f07e8/1fbd0a33f5554.jpeg,https://cdn.imweb.me/upload/S2026031936150999f07e8/3202b7b570108.jpeg,https://cdn.imweb.me/upload/S2026031936150999f07e8/1e725fba382a2.jpeg,https://cdn.imweb.me/upload/S2026031936150999f07e8/a5440997bbe01.jpeg	Rael	iherb-89890	Health & Beauty > Personal Care	iHerb > 목욕	bath	margin_unknown	stable_stock	price_under_20000	blocked
iherb-89474	Organyc 면 팬티 라이너 Light Flow 팬티 라이너 24개입	Organyc 면 팬티 라이너 Light Flow 팬티 라이너 24개입. iHerb 해외직구 목욕 상품입니다.	in stock	new	13340 KRW	https://www.onejikgu.co.kr/shop_view?idx=69262	https://cdn.imweb.me/upload/S2026031936150999f07e8/3bbf3bb529680.jpeg	https://cdn.imweb.me/upload/S2026031936150999f07e8/9316d228ca206.jpeg,https://cdn.imweb.me/upload/S2026031936150999f07e8/340ea494dbbf5.jpeg,https://cdn.imweb.me/upload/S2026031936150999f07e8/80841e140c99b.jpeg,https://cdn.imweb.me/upload/S2026031936150999f07e8/88a144f5de0a2.jpeg	Organyc	iherb-89474	Health & Beauty > Personal Care	iHerb > 목욕	bath	margin_unknown	stable_stock	price_under_20000	blocked
iherb-89473	Organyc 여성 케어 탐폰 컴팩트 슈퍼 플러스 탐폰 16개	Organyc 여성 케어 탐폰 컴팩트 슈퍼 플러스 탐폰 16개. iHerb 해외직구 목욕 상품입니다.	in stock	new	13950 KRW	https://www.onejikgu.co.kr/shop_view?idx=69261	https://cdn.imweb.me/upload/S2026031936150999f07e8/5a228794c54b1.jpeg	https://cdn.imweb.me/upload/S2026031936150999f07e8/fb4b2e8e59283.jpeg,https://cdn.imweb.me/upload/S2026031936150999f07e8/c74c6c1f39852.jpeg,https://cdn.imweb.me/upload/S2026031936150999f07e8/9d555cea42fa6.jpeg,https://cdn.imweb.me/upload/S2026031936150999f07e8/f2baed16d4232.jpeg	Organyc	iherb-89473	Health & Beauty > Personal Care	iHerb > 목욕	bath	margin_unknown	stable_stock	price_under_20000	blocked
iherb-78014	Always 날개형 인피니티 플렉스 폼 레귤러 18개	Always 날개형 인피니티 플렉스 폼 레귤러 18개. iHerb 해외직구 목욕 상품입니다.	in stock	new	12020 KRW	https://www.onejikgu.co.kr/shop_view?idx=69257	https://cdn.imweb.me/upload/S2026031936150999f07e8/6ce8b352f7aca.jpeg	https://cdn.imweb.me/upload/S2026031936150999f07e8/303a8d298f332.jpeg,https://cdn.imweb.me/upload/S2026031936150999f07e8/ef487c6c84490.jpeg,https://cdn.imweb.me/upload/S2026031936150999f07e8/5e01ea2f1b217.jpeg,https://cdn.imweb.me/upload/S2026031936150999f07e8/bf10f34625ce6.jpeg	Always	iherb-78014	Health & Beauty > Personal Care	iHerb > 목욕	bath	margin_unknown	stable_stock	price_under_20000	blocked
iherb-68730	Organyc 유기농 면 생리대 중간 양 10개입	Organyc 유기농 면 생리대 중간 양 10개입. iHerb 해외직구 목욕 상품입니다.	in stock	new	13340 KRW	https://www.onejikgu.co.kr/shop_view?idx=69253	https://cdn.imweb.me/upload/S2026031936150999f07e8/1d275873a20f4.jpeg	https://cdn.imweb.me/upload/S2026031936150999f07e8/52e7862595593.jpeg,https://cdn.imweb.me/upload/S2026031936150999f07e8/0f7a122b2a2bc.jpeg,https://cdn.imweb.me/upload/S2026031936150999f07e8/67b56ed89c486.jpeg,https://cdn.imweb.me/upload/S2026031936150999f07e8/662e065b34f14.jpeg	Organyc	iherb-68730	Health & Beauty > Personal Care	iHerb > 목욕	bath	margin_unknown	stable_stock	price_under_20000	blocked
iherb-145900	Rael 유기농 면 커버 생리대 속옷 L XL 5개	Rael 유기농 면 커버 생리대 속옷 L XL 5개. iHerb 해외직구 목욕 상품입니다.	in stock	new	13620 KRW	https://www.onejikgu.co.kr/shop_view?idx=69232	https://cdn.imweb.me/upload/S2026031936150999f07e8/44e94f2ecd8ef.jpeg	https://cdn.imweb.me/upload/S2026031936150999f07e8/8fb0f27e5e255.jpeg,https://cdn.imweb.me/upload/S2026031936150999f07e8/c2c7b32771ddc.jpeg,https://cdn.imweb.me/upload/S2026031936150999f07e8/f464c958303e9.jpeg,https://cdn.imweb.me/upload/S2026031936150999f07e8/c6b96881820ea.jpeg	Rael	iherb-145900	Health & Beauty > Personal Care	iHerb > 목욕	bath	margin_unknown	stable_stock	price_under_20000	blocked
iherb-123990	Rael 유기농 순면 커버 생리대 S M 5개	Rael 유기농 순면 커버 생리대 S M 5개. iHerb 해외직구 목욕 상품입니다.	in stock	new	13610 KRW	https://www.onejikgu.co.kr/shop_view?idx=69231	https://cdn.imweb.me/upload/S2026031936150999f07e8/dc8e770fed156.jpeg	https://cdn.imweb.me/upload/S2026031936150999f07e8/0a51ef275bb45.jpeg,https://cdn.imweb.me/upload/S2026031936150999f07e8/d057ed22190e4.jpeg,https://cdn.imweb.me/upload/S2026031936150999f07e8/561e3fd99adc7.jpeg,https://cdn.imweb.me/upload/S2026031936150999f07e8/bf97e74345215.jpeg	Rael	iherb-123990	Health & Beauty > Personal Care	iHerb > 목욕	bath	margin_unknown	stable_stock	price_under_20000	blocked
iherb-132502	The Honey Pot Company 100 유기농 순면 커버 오버나이트 패드 날개형	The Honey Pot Company 100 유기농 순면 커버 오버나이트 패드 날개형. iHerb 해외직구 목욕 상품입니다.	in stock	new	18900 KRW	https://www.onejikgu.co.kr/shop_view?idx=69223	https://cdn.imweb.me/upload/S2026031936150999f07e8/0caf32c46ff90.jpeg	https://cdn.imweb.me/upload/S2026031936150999f07e8/fbf603b670f97.jpeg,https://cdn.imweb.me/upload/S2026031936150999f07e8/25db068069aca.jpeg,https://cdn.imweb.me/upload/S2026031936150999f07e8/97d81ef658158.jpeg,https://cdn.imweb.me/upload/S2026031936150999f07e8/d77edeb68ab16.jpeg	The Honey Pot Company	iherb-132502	Health & Beauty > Personal Care	iHerb > 목욕	bath	margin_unknown	stable_stock	price_under_20000	blocked
iherb-109076	Rael 유기농 순면 커버 팬티 라이너 마이크로 씬 70개	Rael 유기농 순면 커버 팬티 라이너 마이크로 씬 70개. iHerb 해외직구 목욕 상품입니다.	in stock	new	12900 KRW	https://www.onejikgu.co.kr/shop_view?idx=69213	https://cdn.imweb.me/upload/S2026031936150999f07e8/c0e6291c15c90.jpeg	https://cdn.imweb.me/upload/S2026031936150999f07e8/fa4a8642019d5.jpeg,https://cdn.imweb.me/upload/S2026031936150999f07e8/c543dfb7b8aa3.jpeg,https://cdn.imweb.me/upload/S2026031936150999f07e8/8e7c122efbe30.jpeg,https://cdn.imweb.me/upload/S2026031936150999f07e8/ad627a0819d59.jpeg	Rael	iherb-109076	Health & Beauty > Personal Care	iHerb > 목욕	bath	margin_unknown	stable_stock	price_under_20000	blocked
iherb-106401	[iHerb]The Honey Pot Company 허브 무함유 날개형 순면 패드 고품질 오버나이트	[iHerb]The Honey Pot Company 허브 무함유 날개형 순면 패드 고품질 오버나이트. iHerb 해외직구 목욕 상품입니다.	in stock	new	15820 KRW	https://www.onejikgu.co.kr/shop_view?idx=69203	https://cdn.imweb.me/upload/S2026031936150999f07e8/8dd8d2675188c.jpeg	https://cdn.imweb.me/upload/S2026031936150999f07e8/92db1d6c98b47.jpeg,https://cdn.imweb.me/upload/S2026031936150999f07e8/bf212840a6206.jpeg,https://cdn.imweb.me/upload/S2026031936150999f07e8/0ba2a4ccd1b3c.jpeg,https://cdn.imweb.me/upload/S2026031936150999f07e8/edbba5aee697b.jpeg	The Honey Pot Company	iherb-106401	Health & Beauty > Personal Care	iHerb > 목욕	bath	margin_unknown	stable_stock	price_under_20000	blocked
iherb-106206	The Honey Pot Company 유기농 허브 함유 패드 날개형 산후 하룻밤 12개입	The Honey Pot Company 유기농 허브 함유 패드 날개형 산후 하룻밤 12개입. iHerb 해외직구 목욕 상품입니다.	in stock	new	15890 KRW	https://www.onejikgu.co.kr/shop_view?idx=69202	https://cdn.imweb.me/upload/S2026031936150999f07e8/25789a7476e9a.jpeg	https://cdn.imweb.me/upload/S2026031936150999f07e8/e60fc3831635e.jpeg,https://cdn.imweb.me/upload/S2026031936150999f07e8/d6b075e66b1d2.jpeg,https://cdn.imweb.me/upload/S2026031936150999f07e8/f0d8b19c59fd9.jpeg,https://cdn.imweb.me/upload/S2026031936150999f07e8/5102b1dc67fcd.jpeg	The Honey Pot Company	iherb-106206	Health & Beauty > Personal Care	iHerb > 목욕	bath	margin_unknown	stable_stock	price_under_20000	blocked
iherb-106203	The Honey Pot Company 유기농 쿨링 허브 인퓨전 패드 포함 날개형	The Honey Pot Company 유기농 쿨링 허브 인퓨전 패드 포함 날개형. iHerb 해외직구 목욕 상품입니다.	in stock	new	15890 KRW	https://www.onejikgu.co.kr/shop_view?idx=69200	https://cdn.imweb.me/upload/S2026031936150999f07e8/3b2736005f986.jpeg	https://cdn.imweb.me/upload/S2026031936150999f07e8/25bd652378fc3.jpeg,https://cdn.imweb.me/upload/S2026031936150999f07e8/589227ecb1b94.jpeg,https://cdn.imweb.me/upload/S2026031936150999f07e8/abda63f85a79b.jpeg,https://cdn.imweb.me/upload/S2026031936150999f07e8/cd803622ad366.jpeg	The Honey Pot Company	iherb-106203	Health & Beauty > Personal Care	iHerb > 목욕	bath	margin_unknown	stable_stock	price_under_20000	blocked
iherb-106399	The Honey Pot Company 100 유기농 순면 커버 허브 함유 패드 날개형	The Honey Pot Company 100 유기농 순면 커버 허브 함유 패드 날개형. iHerb 해외직구 목욕 상품입니다.	in stock	new	16450 KRW	https://www.onejikgu.co.kr/shop_view?idx=69199	https://cdn.imweb.me/upload/S2026031936150999f07e8/2c7e19a76fb39.jpeg	https://cdn.imweb.me/upload/S2026031936150999f07e8/e0adb155c7165.jpeg,https://cdn.imweb.me/upload/S2026031936150999f07e8/4cabba966322f.jpeg,https://cdn.imweb.me/upload/S2026031936150999f07e8/20024228c60f2.jpeg,https://cdn.imweb.me/upload/S2026031936150999f07e8/035308dba6e52.jpeg	The Honey Pot Company	iherb-106399	Health & Beauty > Personal Care	iHerb > 목욕	bath	margin_unknown	stable_stock	price_under_20000	blocked
iherb-106202	The Honey Pot Company 100 유기농 순면 커버 날개형 패드 슈퍼 16개입	The Honey Pot Company 100 유기농 순면 커버 날개형 패드 슈퍼 16개입. iHerb 해외직구 목욕 상품입니다.	in stock	new	15890 KRW	https://www.onejikgu.co.kr/shop_view?idx=69198	https://cdn.imweb.me/upload/S2026031936150999f07e8/a4b0d3de90433.jpeg	https://cdn.imweb.me/upload/S2026031936150999f07e8/437ddd3a5e754.jpeg,https://cdn.imweb.me/upload/S2026031936150999f07e8/346010b4ba699.jpeg,https://cdn.imweb.me/upload/S2026031936150999f07e8/857421c012c83.jpeg,https://cdn.imweb.me/upload/S2026031936150999f07e8/609cb57ae6b00.jpeg	The Honey Pot Company	iherb-106202	Health & Beauty > Personal Care	iHerb > 목욕	bath	margin_unknown	stable_stock	price_under_20000	blocked
iherb-106200	The Honey Pot Company 유기농 쿨링 허브 인퓨전 날개형 패드 레귤러	The Honey Pot Company 유기농 쿨링 허브 인퓨전 날개형 패드 레귤러. iHerb 해외직구 목욕 상품입니다.	in stock	new	15890 KRW	https://www.onejikgu.co.kr/shop_view?idx=69195	https://cdn.imweb.me/upload/S2026031936150999f07e8/a24999faf1373.jpeg	https://cdn.imweb.me/upload/S2026031936150999f07e8/c6f8b85add441.jpeg,https://cdn.imweb.me/upload/S2026031936150999f07e8/bc43350c87052.jpeg,https://cdn.imweb.me/upload/S2026031936150999f07e8/61525fb73a5af.jpeg,https://cdn.imweb.me/upload/S2026031936150999f07e8/ae88d73fe268a.jpeg	The Honey Pot Company	iherb-106200	Health & Beauty > Personal Care	iHerb > 목욕	bath	margin_unknown	stable_stock	price_under_20000	blocked
iherb-98324	Cottons 100 천연 면 커버시트 오버나이트 날개형 패드 헤비 패드 10개	Cottons 100 천연 면 커버시트 오버나이트 날개형 패드 헤비 패드 10개. iHerb 해외직구 목욕 상품입니다.	in stock	new	9090 KRW	https://www.onejikgu.co.kr/shop_view?idx=69191	https://cdn.imweb.me/upload/S2026031936150999f07e8/a5b6273c45f78.jpeg	https://cdn.imweb.me/upload/S2026031936150999f07e8/c90a19517c334.jpeg,https://cdn.imweb.me/upload/S2026031936150999f07e8/19f3ce8fd8662.jpeg,https://cdn.imweb.me/upload/S2026031936150999f07e8/1534d8ededb67.jpeg,https://cdn.imweb.me/upload/S2026031936150999f07e8/c6a054f4f676b.jpeg	Cottons	iherb-98324	Health & Beauty > Personal Care	iHerb > 목욕	bath	margin_unknown	stable_stock	price_under_20000	blocked
iherb-98320	Cottons 100 면 산모용 패드 날개형 튼튼한 무향 10개입	Cottons 100 면 산모용 패드 날개형 튼튼한 무향 10개입. iHerb 해외직구 목욕 상품입니다.	in stock	new	9090 KRW	https://www.onejikgu.co.kr/shop_view?idx=69187	https://cdn.imweb.me/upload/S2026031936150999f07e8/20e8745aa1910.jpeg	https://cdn.imweb.me/upload/S2026031936150999f07e8/cf8cf5abf1156.jpeg,https://cdn.imweb.me/upload/S2026031936150999f07e8/aa28a854714a2.jpeg,https://cdn.imweb.me/upload/S2026031936150999f07e8/96d4044c4ddba.jpeg,https://cdn.imweb.me/upload/S2026031936150999f07e8/2e716da19e6ad.jpeg	Cottons	iherb-98320	Health & Beauty > Personal Care	iHerb > 목욕	bath	margin_unknown	stable_stock	price_under_20000	blocked
iherb-98319	Cottons 100 천연 면 커버시트 팬티라이너 울트라 씬 라이너 24개	Cottons 100 천연 면 커버시트 팬티라이너 울트라 씬 라이너 24개. iHerb 해외직구 목욕 상품입니다.	in stock	new	8460 KRW	https://www.onejikgu.co.kr/shop_view?idx=69186	https://cdn.imweb.me/upload/S2026031936150999f07e8/a0fb17b981f3b.jpeg	https://cdn.imweb.me/upload/S2026031936150999f07e8/aa433bae40916.jpeg,https://cdn.imweb.me/upload/S2026031936150999f07e8/b8b92393176a8.jpeg,https://cdn.imweb.me/upload/S2026031936150999f07e8/bf59dbba28d64.png,https://cdn.imweb.me/upload/S2026031936150999f07e8/10fff961d8b66.jpeg	Cottons	iherb-98319	Health & Beauty > Personal Care	iHerb > 목욕	bath	margin_unknown	stable_stock	price_under_20000	blocked
iherb-98318	Cottons 100 천연 면 커버시트 울트라-씬 패드 날개형 슈퍼 패드 12개	Cottons 100 천연 면 커버시트 울트라-씬 패드 날개형 슈퍼 패드 12개. iHerb 해외직구 목욕 상품입니다.	in stock	new	8470 KRW	https://www.onejikgu.co.kr/shop_view?idx=69184	https://cdn.imweb.me/upload/S2026031936150999f07e8/09b91c83fb3d2.jpeg	https://cdn.imweb.me/upload/S2026031936150999f07e8/09cfca78e6739.jpeg,https://cdn.imweb.me/upload/S2026031936150999f07e8/036a636cd5bc5.jpeg,https://cdn.imweb.me/upload/S2026031936150999f07e8/82f45e1846e4e.jpeg,https://cdn.imweb.me/upload/S2026031936150999f07e8/66ee841b35803.jpeg	Cottons	iherb-98318	Health & Beauty > Personal Care	iHerb > 목욕	bath	margin_unknown	stable_stock	price_under_20000	blocked
iherb-98317	Cottons 100 순면으로 편안한 울트라 씬 패드 날개형 레귤러 14개입	Cottons 100 순면으로 편안한 울트라 씬 패드 날개형 레귤러 14개입. iHerb 해외직구 목욕 상품입니다.	in stock	new	8470 KRW	https://www.onejikgu.co.kr/shop_view?idx=69182	https://cdn.imweb.me/upload/S2026031936150999f07e8/a5f503d6d97df.jpeg	https://cdn.imweb.me/upload/S2026031936150999f07e8/ce11f9aca0ee5.jpeg,https://cdn.imweb.me/upload/S2026031936150999f07e8/7cbfb4bc54776.jpeg,https://cdn.imweb.me/upload/S2026031936150999f07e8/745882702a09e.png,https://cdn.imweb.me/upload/S2026031936150999f07e8/71828fdf517bc.jpeg	Cottons	iherb-98317	Health & Beauty > Personal Care	iHerb > 목욕	bath	margin_unknown	stable_stock	price_under_20000	blocked
iherb-106398	The Honey Pot Company 날개형 허브 패드 주간 16개입	The Honey Pot Company 날개형 허브 패드 주간 16개입. iHerb 해외직구 목욕 상품입니다.	in stock	new	13980 KRW	https://www.onejikgu.co.kr/shop_view?idx=58139	https://cdn.imweb.me/upload/S2026031936150999f07e8/f8d209749edfa.jpeg	https://cdn.imweb.me/upload/S2026031936150999f07e8/3a1d9a45219c7.jpeg	The Honey Pot Company	iherb-106398	Health & Beauty > Personal Care	iHerb > 목욕	bath	margin_unknown	stable_stock	price_under_20000	blocked
iherb-89889	Rael 유기농 순면 커버 팬티 라이너 레귤러 20개입	Rael 유기농 순면 커버 팬티 라이너 레귤러 20개입. iHerb 해외직구 목욕 상품입니다.	in stock	new	8700 KRW	https://www.onejikgu.co.kr/shop_view?idx=57138	https://cdn.imweb.me/upload/S2026031936150999f07e8/be63aa9296d4c.jpeg	https://cdn.imweb.me/upload/S2026031936150999f07e8/debfc7bf4c164.jpeg	Rael	iherb-89889	Health & Beauty > Personal Care	iHerb > 목욕	bath	margin_unknown	stable_stock	price_under_20000	blocked
iherb-135079	[iHerb]BrainMD 에브리데이 스트레스 릴리프 베지 캡슐 120정	[iHerb]BrainMD 에브리데이 스트레스 릴리프 베지 캡슐 120정. iHerb 해외직구 베이비 상품입니다.	in stock	new	69470 KRW	https://www.onejikgu.co.kr/shop_view?idx=86497	https://cdn.imweb.me/upload/S2026031936150999f07e8/75604ae5405ce.jpeg	https://cdn.imweb.me/upload/S2026031936150999f07e8/314e4a0e1c85b.jpeg	BrainMD	iherb-135079	Baby & Toddler	iHerb > 베이비	baby	margin_unknown	stable_stock	price_50000_plus	blocked
iherb-122155	NaturVet 시니어 요실금 야생 참마 뿌리 반려견용 소프트츄 120개 360g	NaturVet 시니어 요실금 야생 참마 뿌리 반려견용 소프트츄 120개 360g. iHerb 해외직구 반려동물 상품입니다.	out of stock	new	39190 KRW	https://www.onejikgu.co.kr/shop_view?idx=50627	https://cdn.imweb.me/upload/S2026031936150999f07e8/f7904c303e116.jpeg	https://cdn.imweb.me/upload/S2026031936150999f07e8/131746c0a0867.jpeg	NaturVet	iherb-122155	Animals & Pet Supplies	iHerb > 반려동물	pet	margin_unknown	out_of_stock	price_20000_50000	blocked
